patient-id,height,weight,bmi
P0123,66,150,24.207988980716255
P4354,68,164,24.93339100346021
